-- 1. ?ДмЭі?§нБђл¶?лІ??∞мЭі??
INSERT INTO icecream_flavors (flavor_name, image_url, is_active) VALUES
('31?Фк±∞??, '/images/flavors/31_yogurt.png', 1),
('кЈЄл¶∞??, '/images/flavors/green_tea.png', 1),
('?Шм£Љл∞??Мл•іл≤?, '/images/flavors/naju_pear_sorbet.png', 1),
('?ИлКФ м∞??ђк≥†??, '/images/flavors/you_are_so_dalgona.png', 1),
('?імЪХ мєШм¶ИмЉА?інБђ', '/images/flavors/new_york_cheesecake.png', 1),
('?ЄкЄ∞?∞мЬ†?БлЛє', '/images/flavors/strawberry_condensed_milk.png', 1),
('?ИмЭЄл≥імЪ∞?§л≤†??, '/images/flavors/rainbow_sherbet.png', 1),
('лІРлЮСкњА?°л™®м∞?, '/images/flavors/sweet_honey_mochi.png', 1),
('лѓЉнКЄміИмљФ', '/images/flavors/mint_chocolate_chip.png', 1),
('л∞ФлЮМк≥??®кїШ ?ђлЭЉмІА??, '/images/flavors/Twinberry_CheeseCake.png', 1),
('л≤†л¶ђл≤†л¶ђ ?§нКЄл°Ьл≤†л¶?, '/images/flavors/very_berry_strawberry.png', 1),
('ліЙм?л•?лІИмєіл°?, '/images/flavors/bonjour_macaron.png', 1),
('лЄФл£®л≤†л¶ђ ?МлВШмљФн?', '/images/flavors/blueberry_panna_cotta.png', 1),
('?ђлЮС??лє†мІД ?ЄкЄ∞', '/images/flavors/love_struck_strawberry.png', 1),
('?МкЄИ ?∞мЬ† ?ДмЭі?§нБђл¶?, '/images/flavors/salted_milk_ice_cream.png', 1),
('?ИнМЕ?§н?', '/images/flavors/shooting_star.png', 1),
('?Дл™ђ??ліЙліЙ', '/images/flavors/almond_bonbon.png', 1),
('?ДмЭі?§лПДмљФл∞Ф?ШлВШ', '/images/flavors/ice_tokyo_banana.png', 1),
('?ДмЭі?§міИмљФлПДмњДл∞Ф?ШлВШ', '/images/flavors/ice_choco_tokyo_banana.png', 1),
('?ДмЭі?§нШЄ??, '/images/flavors/ice_hotteok.png', 1),
('?†нФМ лѓЉнКЄ', '/images/flavors/apple_mint.png', 1),
('?ДлІИ???Єк≥Д??, '/images/flavors/Puss_in_Boots.png', 1),
('?РмК§?Дл†И?????ђл¶Љ', '/images/flavors/espresso_n_cream.png', 1),
('?§л†И??мњ†нВ§ ???ђл¶Љ', '/images/flavors/oreo_cookies_n_cream.png', 1),
('?імГБ???ШлЭЉ???ЬмВђ??, '/images/flavors/cotton_candy_wonderland.png', 1),
('?Рл™®мє??Дл™ђ???†м?', '/images/flavors/jamoca_almond_fudge.png', 1),
('м≤іл¶ђм•ђлєМ??, '/images/flavors/cherries_jubilee.png', 1),
('міИмљФ ?Дл™ђ??ліЙліЙ', '/images/flavors/choco_almond_bonbon.png', 1),
('міИмљФ?Шлђі ??, '/images/flavors/choco_tree_forest.png', 1),
('міИмљЬл¶?лђімК§', '/images/flavors/chocolate_mousse.png', 1),
('міИмљЬл¶?мє?, '/images/flavors/chocolate_chip.png', 1),
('мґШмЛЭ?імЭШ к≥†кµђлІИмХФ', '/images/flavors/chunsik_sweet_potato.png', 1),
('мєШнЖ†??л∞А?ђмЙР?інБђ ?ДмЭі?§нБђл¶?, '/images/flavors/cheetos_milkshake.png', 1),
('?§мДЄ??лЄМлЭЉ?∞лЛИ міИмљЬл¶?, '/images/flavors/kisses_brownie_chocolate.png', 1),
('?•мЮИ??лІРм∞®??, '/images/flavors/red_bean_matcha.png', 1),
('?ЉмК§?АмєШмШ§ ?Дл™ђ??, '/images/flavors/pistachio_almond.png', 1),
('?ИлЛИ ?ђлЯ∞мє?, '/images/flavors/honey_crunch.png', 1);

-- 2. мєінЕМк≥†л¶ђ ?∞мЭі??(active мїђлЯЉ мґФк?)
INSERT INTO categories (category_name, display_order, active) VALUES
('?ДмЭі?§нБђл¶?, 1, 1),
('?ДмЭі?§нБђл¶?мЉА?інБђ', 2, 1),
('?Мл£М', 3, 1),
('?Фм???, 4, 1);

-- 3. ?БнТИ ?∞мЭі??
INSERT INTO products (category_id, product_name, description, base_price, discount_rate, margin_rate, regular_price, final_price, is_display, created_at) VALUES
(1, '?±к??ИкЈ§??, '??к∞АмІА лІЫмЭД ?ђлњН лІЫл≥Љ ???ИлКФ ?ђмЭім¶?, 3500, 0, 65, 5800, 5800, 1, NOW()),
(1, '?±к???, 'мҐЛмХД?ШлКФ лІ??ШлВШл•????ђк≤М лІЫл≥і???ђмЭім¶?, 4300, 0, 65, 7100, 7100, 1, NOW()),
(1, '?ФлЄФм£ЉлЛИ??, '??к∞АмІА лІЫмЭД м°∞кЄИ??лІЫл≥і???ђмЭім¶?, 4700, 0, 65, 7800, 7800, 1, NOW()),
(1, '?ФлЄФ?ИкЈ§??, '??к∞АмІА лІЫмЭД ?ђлњН лІЫл≥і???ђмЭім¶?, 6700, 0, 65, 11100, 11100, 1, NOW()),
(1, '?МмЭЄ??, '??к∞АмІА лІЫмЭД к≥®лЭЉ л®єлКФ ?ђмЭім¶?, 8900, 0, 65, 14700, 14700, 1, NOW()),
(1, 'мњЉнД∞', '??к∞АмІА лІЫмЭД к≥®лЭЉ л®єлКФ ?ђмЭім¶?, 17000, 0, 65, 28000, 28000, 1, NOW()),
(1, '?®л?л¶?, '?§мДѓ к∞АмІА лІЫмЭД ?ШлИ† л®єлКФ ?ђмЭім¶?, 24000, 0, 65, 39600, 39600, 1, NOW()),
(1, '?ШнФДк∞§лЯ∞', '?ђмДѓ к∞АмІА лІЫмЭД ?ЙлДЙ?Шк≤М ?ШлИ† л®єлКФ ?ђмЭім¶?, 29000, 0, 65, 47800, 47800, 1, NOW())

-- 4. ?БнТИ ?µмЕШ ?∞мЭі??
INSERT INTO product_options (product_id, option_type, option_name, extra_price, max_flavor_count) VALUES
(1, 'SIZE', '?±к??ИкЈ§??мї?, 0, 1),
(1, 'SIZE', '?±к??ИкЈ§??мљ?, 0, 1),
(2, 'SIZE', '?±к???мї?, 0, 1),
(2, 'SIZE', '?±к???мљ?, 0, 1),
(3, 'SIZE', '?ФлЄФм£ЉлЛИ??мї?, 0, 2),
(3, 'SIZE', '?ФлЄФм£ЉлЛИ??мљ?, 0, 2),
(4, 'SIZE', '?ФлЄФ?ИкЈ§??мї?, 0, 2),
(4, 'SIZE', '?ФлЄФ?ИкЈ§??мљ?, 0, 2),
(5, 'CONTAINER', '?МмЭЄ??(?©кЄ∞)', 0, 3),
(6, 'CONTAINER', 'мњЉнД∞ (?©кЄ∞)', 0, 4),
(7, 'CONTAINER', '?®л?л¶?(?©кЄ∞)', 0, 5),
(8, 'CONTAINER', '?ШнФДк∞§лЯ∞ (?©кЄ∞)', 0, 6);

-- 24. мєінЕМк≥†л¶ђ мґФк? (мї§нФЉ мєінЕМк≥†л¶ђк∞А ?ЖлКФ к≤љмЪ∞ мґФк?, active ?ђнХ®)
INSERT INTO categories (category_name, display_order, active)
SELECT 'мї§нФЉ', 5, 1 FROM DUAL
WHERE NOT EXISTS (SELECT 1 FROM categories WHERE category_name = 'мї§нФЉ');

-- 25. мґФк? ?ЬнТИ ?±л°Э (?Фм??? ?Мл£М, мї§нФЉ)
INSERT INTO products (category_id, product_name, description, base_price, discount_rate, margin_rate, regular_price, final_price, is_display, created_at) VALUES
((SELECT category_id FROM categories WHERE category_name = '?Фм??? LIMIT 1), '?МкЄИ ?∞мЬ† ?ДмЭі??л™®м∞М', '?ђмљ§ мІ?І§???МкЄИ ?∞мЬ† лІ??ДмЭі??л™®м∞М', 3000, 0, 65, 5000, 5000, 1, NOW()),
((SELECT category_id FROM categories WHERE category_name = '?Фм??? LIMIT 1), 'кЈЄл¶∞???ДмЭі??л™®м∞М', '?єм∞®??мІДнХЬ лІЫмЭД ?ім? л™®м∞М', 3000, 0, 65, 5000, 5000, 1, NOW()),
((SELECT category_id FROM categories WHERE category_name = '?Фм??? LIMIT 1), 'м≤іл¶ђм•ђлєМ??лІИмєіл°?, '?ДмЭі?§нБђл¶?лІИмєіл°?, 3500, 0, 65, 5800, 5800, 1, NOW()),
((SELECT category_id FROM categories WHERE category_name = '?Фм??? LIMIT 1), 'л∞ФлЛР???ДмЭі?§нБђл¶?л°?, 'лґА?ЬлЯђ??л∞ФлЛР???ДмЭі?§нБђл¶?л°?, 2000, 0, 65, 3300, 3300, 1, NOW()),
((SELECT category_id FROM categories WHERE category_name = '?Мл£М' LIMIT 1), '?ДлІИ???Єк≥Д??лЄФлЭЉ?§нКЄ', 'міИмљФл≥ЉмЭі к∞А?ЭнХЬ ?ЬкЈЄ?Им≤Ш лЄФлЭЉ?§нКЄ', 5500, 0, 65, 9100, 9100, 1, NOW()),
((SELECT category_id FROM categories WHERE category_name = '?Мл£М' LIMIT 1), '?Дл™ђ??ліЙліЙ лЄФлЭЉ?§нКЄ', '?Дл™ђ??ліЙліЙ ?ДмЭі?§нБђл¶ЉмЬЉл°?лІМлУ† лЄФлЭЉ?§нКЄ', 5500, 0, 65, 9100, 9100, 1, NOW()),
((SELECT category_id FROM categories WHERE category_name = '?Мл£М' LIMIT 1), '?ЄкЄ∞ ?∞мЬ† ?РмЭі??, '?ђмљ§???ЄкЄ∞?А ?∞мЬ†??лІМлВ®', 5000, 0, 65, 8200, 8200, 1, NOW()),
((SELECT category_id FROM categories WHERE category_name = '?Мл£М' LIMIT 1), '?§л†И???РмЭі??, '?§л†И??мњ†нВ§к∞А ?ђлњН', 5000, 0, 65, 8200, 8200, 1, NOW()),
((SELECT category_id FROM categories WHERE category_name = 'мї§нФЉ' LIMIT 1), 'мєінСЄмєШлЕЄ лЄФлЭЉ?§нКЄ ?§л¶ђмІА??, 'мї§нФЉ ?ДмЭі?§нБђл¶?лЄФлЭЉ?§нКЄ', 4500, 0, 65, 7400, 7400, 1, NOW()),
((SELECT category_id FROM categories WHERE category_name = 'мї§нФЉ' LIMIT 1), '?ДмЭі???Дл©Фл¶ђмєі??, '?ЬмЫР???Дл©Фл¶ђмєі??, 2500, 0, 65, 4100, 4100, 1, NOW()),
((SELECT category_id FROM categories WHERE category_name = 'мї§нФЉ' LIMIT 1), 'мєінОШ?ЉлЦЉ', 'лґА?ЬлЯђ??мєінОШ?ЉлЦЉ', 3000, 0, 65, 5000, 5000, 1, NOW()),
((SELECT category_id FROM categories WHERE category_name = 'мї§нФЉ' LIMIT 1), '?∞мЬ† ?ЉлЦЉ', '?ђмљ§???∞мЬ†к∞А ?§мЦік∞??ЉлЦЉ', 3500, 0, 65, 5800, 5800, 1, NOW())

-- 26. мґФк? ?ЬнТИ ?µмЕШ лІ§нХС
INSERT INTO product_options (product_id, option_type, option_name, extra_price, max_flavor_count)
SELECT product_id, 'SIZE', 'кЄ∞л≥Є ?ИкЈ§??, 0, 0
FROM products
WHERE product_name IN (
'?МкЄИ ?∞мЬ† ?ДмЭі??л™®м∞М', 'кЈЄл¶∞???ДмЭі??л™®м∞М', 'м≤іл¶ђм•ђлєМ??лІИмєіл°?, 'л∞ФлЛР???ДмЭі?§нБђл¶?л°?,
'?ДлІИ???Єк≥Д??лЄФлЭЉ?§нКЄ', '?Дл™ђ??ліЙліЙ лЄФлЭЉ?§нКЄ', '?ЄкЄ∞ ?∞мЬ† ?РмЭі??, '?§л†И???РмЭі??,
'мєінСЄмєШлЕЄ лЄФлЭЉ?§нКЄ ?§л¶ђмІА??, '?ДмЭі???Дл©Фл¶ђмєі??, 'мєінОШ?ЉлЦЉ', '?∞мЬ† ?ЉлЦЉ'
);

-- 5. мІА???∞мЭі??
INSERT INTO stores (store_name, business_number, region, address, phone, business_hours, store_status, created_at) VALUES
('л∞∞мК§?®лЭЉлєИмК§ к∞ХлВ®??, '123-45-67890', '?ЬмЪЄ', '?ЬмЪЄ?єл≥Д??к∞ХлВ®кµ???ВЉ??, '02-123-4567', '10:00 - 23:00', 'OPEN', NOW());

-- 6. мІА?Рл≥Д ?РлІ§ ?БнТИ лІ§нХС
INSERT INTO store_products (store_id, product_id, is_sold_out, is_deleted) VALUES
(1, 1, 0, 0),
(1, 2, 0, 0),
(1, 3, 0, 0),
(1, 4, 0, 0),
(1, 5, 0, 0),
(1, 6, 0, 0),
(1, 7, 0, 0),
(1, 8, 0, 0);

-- 27. мІА???РлІ§ ?БнТИ?Љл°Ь мґФк? лІ§нХС (к∞ХлВ®??store_id=1 кЄ∞м?)
INSERT INTO store_products (store_id, product_id, is_sold_out, is_deleted)
SELECT 1, product_id, 0, 0
FROM products
WHERE product_name IN (
'?МкЄИ ?∞мЬ† ?ДмЭі??л™®м∞М', 'кЈЄл¶∞???ДмЭі??л™®м∞М', 'м≤іл¶ђм•ђлєМ??лІИмєіл°?, 'л∞ФлЛР???ДмЭі?§нБђл¶?л°?,
'?ДлІИ???Єк≥Д??лЄФлЭЉ?§нКЄ', '?Дл™ђ??ліЙліЙ лЄФлЭЉ?§нКЄ', '?ЄкЄ∞ ?∞мЬ† ?РмЭі??, '?§л†И???РмЭі??,
'мєінСЄмєШлЕЄ лЄФлЭЉ?§нКЄ ?§л¶ђмІА??, '?ДмЭі???Дл©Фл¶ђмєі??, 'мєінОШ?ЉлЦЉ', '?∞мЬ† ?ЉлЦЉ'
);

-- 7. мІА?Рл≥Д ?ДмЭі?§нБђл¶?лІ??ђк≥† лІ§нХС
INSERT INTO store_flavors (store_id, flavor_id, container, is_sold_out) VALUES
(1, 1, 6, 0), (1, 2, 6, 0), (1, 3, 6, 0), (1, 4, 6, 0), (1, 5, 6, 0),
(1, 6, 6, 0), (1, 7, 6, 0), (1, 8, 6, 0), (1, 9, 6, 0), (1, 10, 6, 0),
(1, 11, 6, 0), (1, 12, 6, 0), (1, 13, 6, 0), (1, 14, 6, 0), (1, 15, 6, 0),
(1, 16, 6, 0), (1, 17, 6, 0), (1, 18, 6, 0), (1, 19, 6, 0), (1, 20, 6, 0),
(1, 21, 6, 0), (1, 22, 6, 0), (1, 23, 6, 0), (1, 24, 6, 0), (1, 25, 6, 0),
(1, 26, 6, 0), (1, 27, 6, 0), (1, 28, 6, 0), (1, 29, 6, 0), (1, 30, 6, 0),
(1, 31, 6, 0), (1, 32, 6, 0), (1, 33, 6, 0), (1, 34, 6, 0), (1, 35, 6, 0),
(1, 36, 6, 0), (1, 37, 6, 0);

-- 8. BANNERS (л∞∞лДИ)
INSERT INTO banners (title, image_url, is_active) VALUES
('?ђл¶Д ?†л©Ф??мґЬмЛЬ!', '/images/banners/summer_new.png', 1),
('?ілЛђ??лІ?31% ?†мЭЄ', '/images/banners/flavor_of_month.png', 1);

-- 9. USERS (?МмЫР)
INSERT INTO users (phone, point_balance, created_at) VALUES
('010-1111-2222', 1500, NOW()),
('010-3333-4444', 0, NOW());

-- 10. EMPLOYEES (мІБмЫР)
INSERT INTO employees (store_id, login_id, password, name, role, status) VALUES
(1, 'emp001', '1234', 'кєА?РмЮ•', 'MANAGER', 'EMPLOYED'),
(1, 'emp002', '1234', '?імХМл∞?, 'STAFF', 'EMPLOYED');

-- 11. HEADQUARTER_ADMINS (л≥ЄмВђ кіАл¶ђмЮР)
INSERT INTO headquarter_admins (login_id, password, name, department, role, status, created_at) VALUES
('admin01', 'admin123', 'л∞Хл≥Є??, 'к∞АлІєк?л¶ђн?', 'SUPER_ADMIN', 'ACTIVE', NOW()),
('admin02', 'admin123', 'мµЬк?л¶?, '?ђк≥†кіАл¶ђн?', 'ADMIN', 'ACTIVE', NOW());

-- 12. KIOSKS (?§мШ§?§нБђ)
INSERT INTO kiosks (store_id, kiosk_number, device_serial, kiosk_status, created_at) VALUES
(1, 1, 'SN-A1B2C3D4', 'ONLINE', NOW()),
(1, 2, 'SN-E5F6G7H8', 'ONLINE', NOW());

-- 12-1. KIOSK_BANNER (?§мШ§?§нБђ л∞∞лДИ лІµнХС)
INSERT INTO kiosk_banner (kiosk_id, banner_id) VALUES
(1, 1),
(2, 2);

-- 13. INVENTORY_ITEMS (л≥ЄмВђ ?±л°Э лђЉнТИ/?Мл™®??
INSERT INTO inventory_items (product_id, unit, unit_price) VALUES
((SELECT product_id FROM products WHERE product_name = '?±к??ИкЈ§??), 'EA', 1750),
((SELECT product_id FROM products WHERE product_name = '?±к???), 'EA', 2150),
((SELECT product_id FROM products WHERE product_name = '?ФлЄФм£ЉлЛИ??), 'EA', 2350),
((SELECT product_id FROM products WHERE product_name = '?ФлЄФ?ИкЈ§??), 'EA', 3350),
((SELECT product_id FROM products WHERE product_name = '?МмЭЄ??), 'EA', 4450),
((SELECT product_id FROM products WHERE product_name = 'мњЉнД∞'), 'EA', 8500),
((SELECT product_id FROM products WHERE product_name = '?®л?л¶?), 'EA', 12000),
((SELECT product_id FROM products WHERE product_name = '?ШнФДк∞§лЯ∞'), 'EA', 14500),
((SELECT product_id FROM products WHERE product_name = '?МкЄИ ?∞мЬ† ?ДмЭі??л™®м∞М'), 'EA', 1500),
((SELECT product_id FROM products WHERE product_name = 'кЈЄл¶∞???ДмЭі??л™®м∞М'), 'EA', 1500),
((SELECT product_id FROM products WHERE product_name = 'м≤іл¶ђм•ђлєМ??лІИмєіл°?), 'EA', 1750),
((SELECT product_id FROM products WHERE product_name = 'л∞ФлЛР???ДмЭі?§нБђл¶?л°?), 'EA', 1000),
((SELECT product_id FROM products WHERE product_name = '?ДлІИ???Єк≥Д??лЄФлЭЉ?§нКЄ'), 'EA', 2750),
((SELECT product_id FROM products WHERE product_name = '?Дл™ђ??ліЙліЙ лЄФлЭЉ?§нКЄ'), 'EA', 2750),
((SELECT product_id FROM products WHERE product_name = '?ЄкЄ∞ ?∞мЬ† ?РмЭі??), 'EA', 2500),
((SELECT product_id FROM products WHERE product_name = '?§л†И???РмЭі??), 'EA', 2500),
((SELECT product_id FROM products WHERE product_name = 'мєінСЄмєШлЕЄ лЄФлЭЉ?§нКЄ ?§л¶ђмІА??), 'EA', 2250),
((SELECT product_id FROM products WHERE product_name = '?ДмЭі???Дл©Фл¶ђмєі??), 'EA', 1250),
((SELECT product_id FROM products WHERE product_name = 'мєінОШ?ЉлЦЉ'), 'EA', 1500),
((SELECT product_id FROM products WHERE product_name = '?∞мЬ† ?ЉлЦЉ'), 'EA', 1750);

-- 14. STORE_INVENTORY (мІА???ђк≥† ?ДнЩ©)
INSERT INTO store_inventory (store_id, item_id, current_stock, last_updated) VALUES
(1, 1, 30, NOW()),  -- ?±к??ИкЈ§??
(1, 2, 30, NOW()),  -- ?±к???
(1, 3, 30, NOW()),  -- ?ФлЄФм£ЉлЛИ??
(1, 4, 30, NOW()),  -- ?ФлЄФ?ИкЈ§??
(1, 5, 30, NOW()),  -- ?МмЭЄ??
(1, 6, 30, NOW()), -- мњЉнД∞
(1, 7, 30, NOW()), -- ?®л?л¶?
(1, 8, 30, NOW()), -- ?ШнФДк∞§лЯ∞
(1, 9, 20, NOW()), -- ?МкЄИ ?∞мЬ† ?ДмЭі??л™®м∞М
(1, 10, 20, NOW()), -- кЈЄл¶∞???ДмЭі??л™®м∞М
(1, 11, 20, NOW()), -- м≤іл¶ђм•ђлєМ??лІИмєіл°?
(1, 12, 20, NOW()), -- л∞ФлЛР???ДмЭі?§нБђл¶?л°?
(1, 13, 15, NOW()), -- ?ДлІИ???Єк≥Д??лЄФлЭЉ?§нКЄ
(1, 14, 15, NOW()), -- ?Дл™ђ??ліЙліЙ лЄФлЭЉ?§нКЄ
(1, 15, 15, NOW()), -- ?ЄкЄ∞ ?∞мЬ† ?РмЭі??
(1, 16, 15, NOW()), -- ?§л†И???РмЭі??
(1, 17, 15, NOW()), -- мєінСЄмєШлЕЄ лЄФлЭЉ?§нКЄ ?§л¶ђмІА??
(1, 18, 15, NOW()), -- ?ДмЭі???Дл©Фл¶ђмєі??
(1, 19, 15, NOW()), -- мєінОШ?ЉлЦЉ
(1, 20, 15, NOW()); -- ?∞мЬ† ?ЉлЦЉ

-- 15. STORE_EXPENSES (мІА??мІАмґ??імЧ≠)
INSERT INTO store_expenses (store_id, employee_id, expense_category, payment_method, expense_date, amount, description, receipt_url, created_at) VALUES
(1, 1, 'INGREDIENTS', 'CARD', '2026-07-01', 50000, '?ЬлЭЉ?імХД?імК§ л∞??§нСЉ мґФк? кµђлІ§', NULL, NOW()),
(1, 1, 'UTILITY', 'TRANSFER', '2026-07-10', 150000, '?ДкЄ∞?ФкЄИ ?©л?', NULL, NOW());

-- 16. RESTOCK_REQUESTS (л∞Ьм£Љ ?Фм≤≠)
INSERT INTO restock_requests (store_id, item_id, admin_id, request_quantity, status, requested_at) VALUES
(1, 3, 2, 5, 'WAITING', NOW()),
(1, 1, NULL, 10, 'WAITING', NOW());

-- 17. INQUIRIES (лђЄмЭШ ?імЧ≠)
INSERT INTO inquiries (inquiry_type, store_id, admin_id, title, content, answer, status, created_at) VALUES
('STORE_TO_HEAD', 1, 1, '?ђмК§кЄ??§л•Ш кіА??лђЄмЭШ', 'к≤∞м†Ь ???Фл©і??л©ИмґФ??м¶ЭмГБ???ИмКµ?ИлЛ§.', '?СмИШ?ШмЧИ?µлЛИ?? кЄ∞мИ†?А л∞∞м†Х?Шк≤†?µлЛИ??', 'WAITING', NOW());

-- 18. ORDERS (м£ЉлђЄ кЄ∞л°Э - total_price ?Дм†Д???Ьк±∞??
INSERT INTO orders (store_id, kiosk_id, user_id, order_number, order_type, dry_ice_count, dry_ice_mins, order_status, created_at) VALUES
(1, 1, 1, 101, 'HERE', 0, 0, 'COMPLETED', NOW()),
(1, 2, NULL, 102, 'TOGO', 1, 30, 'WAITING', NOW());

-- 19. ORDER_ITEMS (м£ЉлђЄ ?БнТИ)
INSERT INTO order_items (order_id, product_id, quantity, unit_price) VALUES
(1, 4, 1, 6700), -- ?ФлЄФ?ИкЈ§??(order_id=1, product_id=4)
(2, 6, 1, 17000); -- мњЉнД∞ (order_id=2, product_id=6)

-- 20. ORDER_ITEM_FLAVORS (м£ЉлђЄ ?БнТИ???†нГЭ??лІ?
INSERT INTO order_item_flavors (order_item_id, flavor_id, quantity) VALUES
(1, 1, 1), -- ?ФлЄФ?ИкЈ§?? 31?Фк±∞??
(1, 9, 1), -- ?ФлЄФ?ИкЈ§?? лѓЉнКЄміИмљФ
(2, 1, 1), -- мњЉнД∞: 31?Фк±∞??
(2, 2, 1), -- мњЉнД∞: кЈЄл¶∞??
(2, 3, 1), -- мњЉнД∞: ?Шм£Љл∞??Мл•іл≤?
(2, 4, 1); -- мњЉнД∞: ?ИлКФ м∞??ђк≥†??

-- 21. ORDER_ITEM_OPTIONS (м£ЉлђЄ ?БнТИ??мґФк? ?µмЕШ)
INSERT INTO order_item_options (order_item_id, option_id) VALUES
(1, 7), -- ?ФлЄФ?ИкЈ§??мї?(option_id=7)
(2, 10); -- мњЉнД∞ ?©кЄ∞ (option_id=10)

-- 22. ORDER_STATUS_HISTORY (м£ЉлђЄ ?БнГЬ л≥Ак≤??іл†•)
INSERT INTO order_status_history (order_id, store_id, order_status, employee_id, created_at) VALUES
(1, 1, 'WAITING', NULL, NOW()),
(1, 1, 'COMPLETED', 2, NOW()),
(2, 1, 'WAITING', NULL, NOW());

-- 23. PAYMENTS (к≤∞м†Ь ?імЧ≠)
INSERT INTO payments (order_id, payment_method, base_amount, product_discount, coupon_discount, point_used, total_discount, final_amount, payment_status, payment_date) VALUES
  (1, 'CARD', 6700, 0, 0, 0, 0, 6700, 'PAID', NOW()),
  (2, 'E_PAY', 17000, 0, 0, 0, 0, 17000, 'PAID', NOW());

-- ==========================================
-- 28. ????лґДлЯЙ ?µк≥Д???Фл? ?∞мЭі??(Orders, OrderItems, Payments ??
-- ==========================================

INSERT INTO orders (order_id, store_id, kiosk_id, user_id, order_number, order_type, dry_ice_count, dry_ice_mins, order_status, created_at) VALUES
(100, 1, 1, 2, 1000, 'HERE', 0, 0, 'COMPLETED', '2026-07-09 19:36:00'),
(101, 1, 1, 2, 1001, 'HERE', 0, 0, 'COMPLETED', '2026-07-04 13:59:00'),
(102, 1, 1, 1, 1002, 'HERE', 0, 0, 'COMPLETED', '2026-06-23 12:35:00'),
(103, 1, 1, 2, 1003, 'TOGO', 2, 60, 'COMPLETED', '2026-06-16 21:25:00'),
(104, 1, 1, 1, 1004, 'TOGO', 2, 60, 'COMPLETED', '2026-07-14 16:38:00'),
(105, 1, 1, 2, 1005, 'TOGO', 2, 60, 'COMPLETED', '2026-07-07 22:32:00'),
(106, 1, 1, NULL, 1006, 'TOGO', 1, 30, 'COMPLETED', '2026-07-05 12:20:00'),
(107, 1, 1, NULL, 1007, 'TOGO', 0, 0, 'COMPLETED', '2026-07-05 18:01:00'),
(108, 1, 1, 1, 1008, 'TOGO', 1, 30, 'COMPLETED', '2026-06-26 20:14:00'),
(109, 1, 1, NULL, 1009, 'HERE', 0, 0, 'COMPLETED', '2026-06-27 19:02:00'),
(110, 1, 1, 2, 1010, 'HERE', 0, 0, 'COMPLETED', '2026-06-30 11:18:00'),
(111, 1, 1, NULL, 1011, 'HERE', 0, 0, 'COMPLETED', '2026-06-30 21:45:00'),
(112, 1, 1, 2, 1012, 'HERE', 0, 0, 'COMPLETED', '2026-06-18 18:00:00'),
(113, 1, 1, 1, 1013, 'HERE', 0, 0, 'COMPLETED', '2026-06-19 12:49:00'),
(114, 1, 1, 2, 1014, 'HERE', 0, 0, 'COMPLETED', '2026-06-16 18:01:00'),
(115, 1, 1, NULL, 1015, 'TOGO', 1, 30, 'COMPLETED', '2026-07-11 19:56:00'),
(116, 1, 1, NULL, 1016, 'TOGO', 0, 0, 'COMPLETED', '2026-06-25 13:20:00'),
(117, 1, 1, 2, 1017, 'HERE', 0, 0, 'COMPLETED', '2026-07-11 12:44:00'),
(118, 1, 1, 2, 1018, 'HERE', 0, 0, 'COMPLETED', '2026-06-25 21:01:00'),
(119, 1, 1, 1, 1019, 'HERE', 0, 0, 'COMPLETED', '2026-06-17 19:31:00'),
(120, 1, 1, 2, 1020, 'TOGO', 0, 0, 'COMPLETED', '2026-06-16 15:26:00'),
(121, 1, 1, NULL, 1021, 'TOGO', 2, 60, 'COMPLETED', '2026-06-23 21:20:00'),
(122, 1, 1, 2, 1022, 'TOGO', 2, 60, 'COMPLETED', '2026-07-05 14:12:00'),
(123, 1, 1, NULL, 1023, 'HERE', 0, 0, 'COMPLETED', '2026-06-23 19:15:00'),
(124, 1, 1, 1, 1024, 'TOGO', 1, 30, 'COMPLETED', '2026-07-04 18:58:00'),
(125, 1, 1, 2, 1025, 'TOGO', 1, 30, 'COMPLETED', '2026-06-25 19:38:00'),
(126, 1, 1, NULL, 1026, 'TOGO', 2, 60, 'COMPLETED', '2026-07-03 10:25:00'),
(127, 1, 1, NULL, 1027, 'TOGO', 0, 0, 'COMPLETED', '2026-06-22 13:14:00'),
(128, 1, 1, 1, 1028, 'HERE', 0, 0, 'COMPLETED', '2026-07-01 10:06:00'),
(129, 1, 1, NULL, 1029, 'HERE', 0, 0, 'COMPLETED', '2026-07-11 19:59:00'),
(130, 1, 1, 2, 1030, 'TOGO', 0, 0, 'COMPLETED', '2026-07-03 13:01:00'),
(131, 1, 1, 1, 1031, 'TOGO', 2, 60, 'COMPLETED', '2026-06-16 22:44:00'),
(132, 1, 1, 2, 1032, 'TOGO', 2, 60, 'COMPLETED', '2026-07-06 13:46:00'),
(133, 1, 1, 1, 1033, 'TOGO', 1, 30, 'COMPLETED', '2026-07-08 10:51:00'),
(134, 1, 1, 1, 1034, 'HERE', 0, 0, 'COMPLETED', '2026-07-04 22:39:00'),
(135, 1, 1, NULL, 1035, 'TOGO', 1, 30, 'COMPLETED', '2026-06-19 18:04:00'),
(136, 1, 1, NULL, 1036, 'HERE', 0, 0, 'COMPLETED', '2026-06-16 20:34:00'),
(137, 1, 1, 2, 1037, 'HERE', 0, 0, 'COMPLETED', '2026-07-13 16:17:00'),
(138, 1, 1, 1, 1038, 'TOGO', 0, 0, 'COMPLETED', '2026-07-01 17:26:00'),
(139, 1, 1, 2, 1039, 'HERE', 0, 0, 'COMPLETED', '2026-06-28 17:26:00'),
(140, 1, 1, 2, 1040, 'HERE', 0, 0, 'COMPLETED', '2026-07-05 10:34:00'),
(141, 1, 1, 2, 1041, 'TOGO', 2, 60, 'COMPLETED', '2026-07-11 17:58:00'),
(142, 1, 1, 2, 1042, 'HERE', 0, 0, 'COMPLETED', '2026-06-19 22:19:00'),
(143, 1, 1, NULL, 1043, 'HERE', 0, 0, 'COMPLETED', '2026-06-28 12:50:00'),
(144, 1, 1, NULL, 1044, 'TOGO', 2, 60, 'COMPLETED', '2026-06-22 22:56:00'),
(145, 1, 1, 1, 1045, 'HERE', 0, 0, 'COMPLETED', '2026-06-15 20:13:00'),
(146, 1, 1, 1, 1046, 'HERE', 0, 0, 'COMPLETED', '2026-06-26 16:28:00'),
(147, 1, 1, NULL, 1047, 'HERE', 0, 0, 'COMPLETED', '2026-07-07 13:31:00'),
(148, 1, 1, NULL, 1048, 'TOGO', 2, 60, 'COMPLETED', '2026-06-29 14:40:00'),
(149, 1, 1, NULL, 1049, 'HERE', 0, 0, 'COMPLETED', '2026-06-19 19:50:00'),
(150, 1, 1, NULL, 1050, 'HERE', 0, 0, 'COMPLETED', '2026-06-28 12:02:00'),
(151, 1, 1, NULL, 1051, 'TOGO', 0, 0, 'COMPLETED', '2026-07-13 12:45:00'),
(152, 1, 1, 2, 1052, 'TOGO', 2, 60, 'COMPLETED', '2026-06-25 10:07:00'),
(153, 1, 1, 2, 1053, 'HERE', 0, 0, 'COMPLETED', '2026-07-10 15:01:00'),
(154, 1, 1, 1, 1054, 'TOGO', 0, 0, 'COMPLETED', '2026-07-11 22:11:00'),
(155, 1, 1, 1, 1055, 'TOGO', 0, 0, 'COMPLETED', '2026-07-01 17:59:00'),
(156, 1, 1, 2, 1056, 'TOGO', 0, 0, 'COMPLETED', '2026-06-23 15:20:00'),
(157, 1, 1, 2, 1057, 'TOGO', 1, 30, 'COMPLETED', '2026-06-24 12:36:00'),
(158, 1, 1, NULL, 1058, 'HERE', 0, 0, 'COMPLETED', '2026-07-10 14:36:00'),
(159, 1, 1, NULL, 1059, 'TOGO', 1, 30, 'COMPLETED', '2026-06-30 16:19:00');

INSERT INTO order_items (order_item_id, order_id, product_id, quantity, unit_price) VALUES
(100, 100, 2, 1, 4300),
(101, 100, 2, 2, 4300),
(102, 101, 4, 1, 6700),
(103, 102, 8, 2, 29000),
(104, 102, 8, 2, 29000),
(105, 102, 8, 2, 29000),
(106, 103, 8, 1, 29000),
(107, 103, 6, 1, 17000),
(108, 104, 6, 1, 17000),
(109, 105, 7, 1, 24000),
(110, 106, 2, 2, 4300),
(111, 106, 2, 2, 4300),
(112, 107, 8, 2, 29000),
(113, 107, 3, 2, 4700),
(114, 107, 1, 2, 3500),
(115, 108, 4, 2, 6700),
(116, 109, 4, 1, 6700),
(117, 109, 1, 2, 3500),
(118, 109, 5, 2, 8900),
(119, 110, 7, 2, 24000),
(120, 110, 2, 2, 4300),
(121, 110, 6, 1, 17000),
(122, 111, 4, 1, 6700),
(123, 112, 2, 1, 4300),
(124, 113, 6, 2, 17000),
(125, 113, 7, 2, 24000),
(126, 114, 8, 2, 29000),
(127, 114, 6, 1, 17000),
(128, 115, 6, 2, 17000),
(129, 115, 5, 2, 8900),
(130, 116, 7, 2, 24000),
(131, 117, 7, 1, 24000),
(132, 117, 6, 2, 17000),
(133, 118, 2, 2, 4300),
(134, 119, 2, 1, 4300),
(135, 119, 8, 1, 29000),
(136, 120, 5, 1, 8900),
(137, 121, 5, 1, 8900),
(138, 122, 5, 2, 8900),
(139, 122, 3, 1, 4700),
(140, 122, 5, 1, 8900),
(141, 123, 1, 2, 3500),
(142, 123, 7, 2, 24000),
(143, 124, 4, 2, 6700),
(144, 125, 5, 1, 8900),
(145, 125, 1, 2, 3500),
(146, 125, 2, 2, 4300),
(147, 126, 4, 2, 6700),
(148, 126, 8, 2, 29000),
(149, 127, 5, 1, 8900),
(150, 127, 6, 2, 17000),
(151, 128, 7, 1, 24000),
(152, 128, 8, 1, 29000),
(153, 128, 8, 2, 29000),
(154, 129, 2, 2, 4300),
(155, 130, 8, 2, 29000),
(156, 130, 3, 2, 4700),
(157, 130, 5, 1, 8900),
(158, 131, 5, 2, 8900),
(159, 131, 7, 1, 24000),
(160, 131, 7, 1, 24000),
(161, 132, 8, 2, 29000),
(162, 133, 2, 1, 4300),
(163, 134, 5, 1, 8900),
(164, 134, 4, 2, 6700),
(165, 134, 3, 1, 4700),
(166, 135, 5, 2, 8900),
(167, 136, 8, 2, 29000),
(168, 137, 3, 1, 4700),
(169, 137, 8, 2, 29000),
(170, 138, 8, 1, 29000),
(171, 139, 2, 2, 4300),
(172, 139, 3, 1, 4700),
(173, 139, 2, 1, 4300),
(174, 140, 8, 2, 29000),
(175, 140, 7, 1, 24000),
(176, 141, 3, 2, 4700),
(177, 141, 2, 2, 4300),
(178, 141, 4, 2, 6700),
(179, 142, 5, 2, 8900),
(180, 142, 4, 2, 6700),
(181, 142, 1, 1, 3500),
(182, 143, 8, 2, 29000),
(183, 143, 8, 2, 29000),
(184, 143, 4, 1, 6700),
(185, 144, 5, 1, 8900),
(186, 145, 1, 1, 3500),
(187, 145, 8, 2, 29000),
(188, 146, 5, 2, 8900),
(189, 147, 5, 2, 8900),
(190, 147, 3, 1, 4700),
(191, 148, 3, 2, 4700),
(192, 148, 2, 2, 4300),
(193, 149, 5, 2, 8900),
(194, 149, 1, 1, 3500),
(195, 149, 7, 2, 24000),
(196, 150, 8, 1, 29000),
(197, 151, 6, 1, 17000),
(198, 151, 1, 2, 3500),
(199, 152, 1, 2, 3500),
(200, 153, 6, 2, 17000),
(201, 153, 7, 1, 24000),
(202, 153, 8, 2, 29000),
(203, 154, 4, 1, 6700),
(204, 154, 8, 1, 29000),
(205, 154, 4, 2, 6700),
(206, 155, 5, 1, 8900),
(207, 155, 2, 1, 4300),
(208, 155, 3, 1, 4700),
(209, 156, 2, 2, 4300),
(210, 156, 1, 2, 3500),
(211, 157, 5, 1, 8900),
(212, 157, 6, 2, 17000),
(213, 157, 6, 2, 17000),
(214, 158, 7, 1, 24000),
(215, 158, 4, 1, 6700),
(216, 158, 4, 1, 6700),
(217, 159, 3, 2, 4700);

INSERT INTO order_item_flavors (order_item_id, flavor_id, quantity) VALUES
(100, 27, 1),
(101, 22, 2),
(102, 18, 1),
(102, 27, 1),
(103, 30, 2),
(103, 6, 2),
(103, 12, 2),
(103, 8, 2),
(103, 36, 2),
(103, 16, 2),
(104, 11, 2),
(104, 12, 2),
(104, 8, 2),
(104, 4, 2),
(104, 5, 2),
(104, 19, 2),
(105, 25, 2),
(105, 28, 2),
(105, 30, 2),
(105, 29, 2),
(105, 21, 2),
(105, 12, 2),
(106, 13, 1),
(106, 14, 1),
(106, 32, 1),
(106, 5, 1),
(106, 3, 1),
(106, 16, 1),
(107, 7, 1),
(107, 26, 1),
(107, 16, 1),
(107, 34, 1),
(108, 11, 1),
(108, 8, 1),
(108, 31, 1),
(108, 5, 1),
(109, 5, 1),
(109, 4, 1),
(109, 30, 1),
(109, 19, 1),
(109, 23, 1),
(110, 5, 2),
(111, 7, 2),
(112, 13, 2),
(112, 15, 2),
(112, 11, 2),
(112, 7, 2),
(112, 14, 2),
(112, 37, 2),
(113, 29, 2),
(113, 22, 2),
(114, 2, 2),
(115, 13, 2),
(115, 20, 2),
(116, 14, 1),
(116, 36, 1),
(117, 1, 2),
(118, 13, 2),
(118, 31, 2),
(118, 17, 2),
(119, 22, 2),
(119, 19, 2),
(119, 31, 2),
(119, 32, 2),
(119, 1, 2),
(120, 4, 2),
(121, 14, 1),
(121, 26, 1),
(121, 1, 1),
(121, 5, 1),
(122, 1, 1),
(122, 2, 1),
(123, 21, 1),
(124, 34, 2),
(124, 21, 2),
(124, 27, 2),
(124, 8, 2),
(125, 25, 2),
(125, 7, 2),
(125, 12, 2),
(125, 36, 2),
(125, 19, 2),
(126, 33, 2),
(126, 2, 2),
(126, 1, 2),
(126, 8, 2),
(126, 27, 2),
(126, 32, 2),
(127, 20, 1),
(127, 10, 1),
(127, 12, 1),
(127, 24, 1),
(128, 18, 2),
(128, 37, 2),
(128, 6, 2),
(128, 7, 2),
(129, 2, 2),
(129, 33, 2),
(129, 19, 2),
(130, 30, 2),
(130, 36, 2),
(130, 33, 2),
(130, 28, 2),
(130, 17, 2),
(131, 35, 1),
(131, 9, 1),
(131, 2, 1),
(131, 22, 1),
(131, 10, 1),
(132, 4, 2),
(132, 21, 2),
(132, 9, 2),
(132, 35, 2),
(133, 2, 2),
(134, 25, 1),
(135, 17, 1),
(135, 1, 1),
(135, 3, 1),
(135, 12, 1),
(135, 27, 1),
(135, 36, 1),
(136, 29, 1),
(136, 18, 1),
(136, 1, 1),
(137, 9, 1),
(137, 2, 1),
(137, 24, 1),
(138, 23, 2),
(138, 27, 2),
(138, 30, 2),
(139, 11, 1),
(139, 16, 1),
(140, 1, 1),
(140, 2, 1),
(140, 20, 1),
(141, 19, 2),
(142, 35, 2),
(142, 17, 2),
(142, 23, 2),
(142, 31, 2),
(142, 34, 2),
(143, 4, 2),
(143, 31, 2),
(144, 9, 1),
(144, 31, 1),
(144, 29, 1),
(145, 25, 2),
(146, 24, 2),
(147, 25, 2),
(147, 20, 2),
(148, 30, 2),
(148, 17, 2),
(148, 26, 2),
(148, 7, 2),
(148, 10, 2),
(148, 2, 2),
(149, 12, 1),
(149, 32, 1),
(149, 33, 1),
(150, 22, 2),
(150, 27, 2),
(150, 11, 2),
(150, 8, 2),
(151, 4, 1),
(151, 26, 1),
(151, 6, 1),
(151, 22, 1),
(151, 25, 1),
(152, 15, 1),
(152, 30, 1),
(152, 1, 1),
(152, 35, 1),
(152, 2, 1),
(152, 18, 1),
(153, 13, 2),
(153, 28, 2),
(153, 10, 2),
(153, 6, 2),
(153, 8, 2),
(153, 19, 2),
(154, 2, 2),
(155, 7, 2),
(155, 3, 2),
(155, 12, 2),
(155, 20, 2),
(155, 2, 2),
(155, 6, 2),
(156, 17, 2),
(156, 15, 2),
(157, 16, 1),
(157, 25, 1),
(157, 17, 1),
(158, 36, 2),
(158, 7, 2),
(158, 6, 2),
(159, 34, 1),
(159, 12, 1),
(159, 5, 1),
(159, 28, 1),
(159, 7, 1),
(160, 35, 1),
(160, 4, 1),
(160, 6, 1),
(160, 3, 1),
(160, 17, 1),
(161, 4, 2),
(161, 36, 2),
(161, 18, 2),
(161, 23, 2),
(161, 5, 2),
(161, 32, 2),
(162, 7, 1),
(163, 13, 1),
(163, 19, 1),
(163, 36, 1),
(164, 21, 2),
(164, 16, 2),
(165, 25, 1),
(165, 10, 1),
(166, 37, 2),
(166, 6, 2),
(166, 14, 2),
(167, 22, 2),
(167, 11, 2),
(167, 30, 2),
(167, 25, 2),
(167, 24, 2),
(167, 14, 2),
(168, 26, 1),
(168, 14, 1),
(169, 15, 2),
(169, 7, 2),
(169, 32, 2),
(169, 30, 2),
(169, 37, 2),
(169, 2, 2),
(170, 30, 1),
(170, 31, 1),
(170, 16, 1),
(170, 32, 1),
(170, 21, 1),
(170, 35, 1),
(171, 8, 2),
(172, 31, 1),
(172, 37, 1),
(173, 31, 1),
(174, 10, 2),
(174, 22, 2),
(174, 27, 2),
(174, 24, 2),
(174, 21, 2),
(174, 12, 2),
(175, 26, 1),
(175, 33, 1),
(175, 28, 1),
(175, 2, 1),
(175, 27, 1),
(176, 34, 2),
(176, 7, 2),
(177, 8, 2),
(178, 36, 2),
(178, 16, 2),
(179, 9, 2),
(179, 25, 2),
(179, 28, 2),
(180, 25, 2),
(180, 22, 2),
(181, 2, 1),
(182, 4, 2),
(182, 34, 2),
(182, 24, 2),
(182, 11, 2),
(182, 20, 2),
(182, 21, 2),
(183, 3, 2),
(183, 37, 2),
(183, 1, 2),
(183, 34, 2),
(183, 15, 2),
(183, 28, 2),
(184, 33, 1),
(184, 8, 1),
(185, 28, 1),
(185, 21, 1),
(185, 20, 1),
(186, 33, 1),
(187, 22, 2),
(187, 23, 2),
(187, 20, 2),
(187, 7, 2),
(187, 1, 2),
(187, 24, 2),
(188, 34, 2),
(188, 5, 2),
(188, 30, 2),
(189, 7, 2),
(189, 9, 2),
(189, 10, 2),
(190, 17, 1),
(190, 3, 1),
(191, 7, 2),
(191, 5, 2),
(192, 29, 2),
(193, 13, 2),
(193, 9, 2),
(193, 8, 2),
(194, 29, 1),
(195, 12, 2),
(195, 17, 2),
(195, 36, 2),
(195, 22, 2),
(195, 3, 2),
(196, 37, 1),
(196, 36, 1),
(196, 13, 1),
(196, 14, 1),
(196, 18, 1),
(196, 30, 1),
(197, 1, 1),
(197, 8, 1),
(197, 5, 1),
(197, 6, 1),
(198, 21, 2),
(199, 21, 2),
(200, 18, 2),
(200, 5, 2),
(200, 8, 2),
(200, 25, 2),
(201, 10, 1),
(201, 35, 1),
(201, 32, 1),
(201, 5, 1),
(201, 23, 1),
(202, 17, 2),
(202, 16, 2),
(202, 21, 2),
(202, 8, 2),
(202, 9, 2),
(202, 35, 2),
(203, 6, 1),
(203, 32, 1),
(204, 15, 1),
(204, 7, 1),
(204, 6, 1),
(204, 8, 1),
(204, 30, 1),
(204, 16, 1),
(205, 7, 2),
(205, 14, 2),
(206, 34, 1),
(206, 3, 1),
(206, 22, 1),
(207, 21, 1),
(208, 35, 1),
(208, 37, 1),
(209, 9, 2),
(210, 13, 2),
(211, 3, 1),
(211, 28, 1),
(211, 7, 1),
(212, 20, 2),
(212, 22, 2),
(212, 23, 2),
(212, 32, 2),
(213, 37, 2),
(213, 30, 2),
(213, 17, 2),
(213, 21, 2),
(214, 22, 1),
(214, 13, 1),
(214, 29, 1),
(214, 14, 1),
(214, 36, 1),
(215, 10, 1),
(215, 21, 1),
(216, 6, 1),
(216, 26, 1),
(217, 30, 2),
(217, 34, 2);

INSERT INTO payments (payment_id, order_id, payment_method, base_amount, coupon_discount, point_used, final_amount, payment_status, payment_date) VALUES
  (100, 100, 'CARD', 12900, 0, 0, 0, 0, 12900, 'PAID', '2026-07-09 19:36:00'),
  (101, 101, 'E_PAY', 6700, 0, 0, 0, 0, 6700, 'PAID', '2026-07-04 13:59:00'),
(102, 102, 'TOSS', 174000, 0, 0, 174000, 'PAID', '2026-06-23 12:35:00'),
(103, 103, 'CARD', 46000, 0, 0, 46000, 'PAID', '2026-06-16 21:25:00'),
(104, 104, 'E_PAY', 17000, 0, 0, 17000, 'PAID', '2026-07-14 16:38:00'),
(105, 105, 'TOSS', 24000, 0, 0, 24000, 'PAID', '2026-07-07 22:32:00'),
(106, 106, 'TOSS', 17200, 0, 0, 17200, 'PAID', '2026-07-05 12:20:00'),
(107, 107, 'E_PAY', 74400, 0, 0, 74400, 'PAID', '2026-07-05 18:01:00'),
(108, 108, 'TOSS', 13400, 0, 0, 13400, 'PAID', '2026-06-26 20:14:00'),
(109, 109, 'E_PAY', 31500, 0, 0, 31500, 'PAID', '2026-06-27 19:02:00'),
(110, 110, 'CARD', 73600, 0, 0, 73600, 'PAID', '2026-06-30 11:18:00'),
(111, 111, 'TOSS', 6700, 0, 0, 6700, 'PAID', '2026-06-30 21:45:00'),
(112, 112, 'E_PAY', 4300, 0, 0, 4300, 'PAID', '2026-06-18 18:00:00'),
(113, 113, 'CARD', 82000, 0, 0, 82000, 'PAID', '2026-06-19 12:49:00'),
(114, 114, 'CARD', 75000, 0, 0, 75000, 'PAID', '2026-06-16 18:01:00'),
(115, 115, 'TOSS', 51800, 0, 0, 51800, 'PAID', '2026-07-11 19:56:00'),
(116, 116, 'TOSS', 48000, 0, 0, 48000, 'PAID', '2026-06-25 13:20:00'),
(117, 117, 'TOSS', 58000, 0, 0, 58000, 'PAID', '2026-07-11 12:44:00'),
(118, 118, 'CARD', 8600, 0, 0, 8600, 'PAID', '2026-06-25 21:01:00'),
(119, 119, 'E_PAY', 33300, 0, 0, 33300, 'PAID', '2026-06-17 19:31:00'),
(120, 120, 'TOSS', 8900, 0, 0, 8900, 'PAID', '2026-06-16 15:26:00'),
(121, 121, 'TOSS', 8900, 0, 0, 8900, 'PAID', '2026-06-23 21:20:00'),
(122, 122, 'E_PAY', 31400, 0, 0, 31400, 'PAID', '2026-07-05 14:12:00'),
(123, 123, 'CARD', 55000, 0, 0, 55000, 'PAID', '2026-06-23 19:15:00'),
(124, 124, 'E_PAY', 13400, 0, 0, 13400, 'PAID', '2026-07-04 18:58:00'),
(125, 125, 'TOSS', 24500, 0, 0, 24500, 'PAID', '2026-06-25 19:38:00'),
(126, 126, 'E_PAY', 71400, 0, 0, 71400, 'PAID', '2026-07-03 10:25:00'),
(127, 127, 'E_PAY', 42900, 0, 0, 42900, 'PAID', '2026-06-22 13:14:00'),
(128, 128, 'CARD', 111000, 0, 0, 111000, 'PAID', '2026-07-01 10:06:00'),
(129, 129, 'CARD', 8600, 0, 0, 8600, 'PAID', '2026-07-11 19:59:00'),
(130, 130, 'TOSS', 76300, 0, 0, 76300, 'PAID', '2026-07-03 13:01:00'),
(131, 131, 'E_PAY', 65800, 0, 0, 65800, 'PAID', '2026-06-16 22:44:00'),
(132, 132, 'TOSS', 58000, 0, 0, 58000, 'PAID', '2026-07-06 13:46:00'),
(133, 133, 'CARD', 4300, 0, 0, 4300, 'PAID', '2026-07-08 10:51:00'),
(134, 134, 'CARD', 27000, 0, 0, 27000, 'PAID', '2026-07-04 22:39:00'),
(135, 135, 'CARD', 17800, 0, 0, 17800, 'PAID', '2026-06-19 18:04:00'),
(136, 136, 'CARD', 58000, 0, 0, 58000, 'PAID', '2026-06-16 20:34:00'),
(137, 137, 'CARD', 62700, 0, 0, 62700, 'PAID', '2026-07-13 16:17:00'),
(138, 138, 'E_PAY', 29000, 0, 0, 29000, 'PAID', '2026-07-01 17:26:00'),
(139, 139, 'E_PAY', 17600, 0, 0, 17600, 'PAID', '2026-06-28 17:26:00'),
(140, 140, 'TOSS', 82000, 0, 0, 82000, 'PAID', '2026-07-05 10:34:00'),
(141, 141, 'CARD', 31400, 0, 0, 31400, 'PAID', '2026-07-11 17:58:00'),
(142, 142, 'CARD', 34700, 0, 0, 34700, 'PAID', '2026-06-19 22:19:00'),
(143, 143, 'E_PAY', 122700, 0, 0, 122700, 'PAID', '2026-06-28 12:50:00'),
(144, 144, 'E_PAY', 8900, 0, 0, 8900, 'PAID', '2026-06-22 22:56:00'),
(145, 145, 'TOSS', 61500, 0, 0, 61500, 'PAID', '2026-06-15 20:13:00'),
(146, 146, 'CARD', 17800, 0, 0, 17800, 'PAID', '2026-06-26 16:28:00'),
(147, 147, 'E_PAY', 22500, 0, 0, 22500, 'PAID', '2026-07-07 13:31:00'),
(148, 148, 'CARD', 18000, 0, 0, 18000, 'PAID', '2026-06-29 14:40:00'),
(149, 149, 'TOSS', 69300, 0, 0, 69300, 'PAID', '2026-06-19 19:50:00'),
(150, 150, 'CARD', 29000, 0, 0, 29000, 'PAID', '2026-06-28 12:02:00'),
(151, 151, 'CARD', 24000, 0, 0, 24000, 'PAID', '2026-07-13 12:45:00'),
(152, 152, 'E_PAY', 7000, 0, 0, 7000, 'PAID', '2026-06-25 10:07:00'),
(153, 153, 'CARD', 116000, 0, 0, 116000, 'PAID', '2026-07-10 15:01:00'),
(154, 154, 'E_PAY', 49100, 0, 0, 49100, 'PAID', '2026-07-11 22:11:00'),
(155, 155, 'E_PAY', 17900, 0, 0, 17900, 'PAID', '2026-07-01 17:59:00'),
(156, 156, 'E_PAY', 15600, 0, 0, 15600, 'PAID', '2026-06-23 15:20:00'),
(157, 157, 'E_PAY', 76900, 0, 0, 76900, 'PAID', '2026-06-24 12:36:00'),
(158, 158, 'CARD', 37400, 0, 0, 37400, 'PAID', '2026-07-10 14:36:00'),
(159, 159, 'TOSS', 9400, 0, 0, 9400, 'PAID', '2026-06-30 16:19:00');

